<?xml version="1.0" encoding="UTF-8"?>
<project-private xmlns="http://www.netbeans.org/ns/project-private/1">
    <editor-bookmarks xmlns="http://www.netbeans.org/ns/editor-bookmarks/2" lastBookmarkId="0"/>
    <open-files xmlns="http://www.netbeans.org/ns/projectui-open-files/2">
        <group>
            <file>file:/C:/Users/User/Downloads/Proyecto_java-main/Proyecto_java-main/bibliotecaJavadef/bibliotecaJava/src/principal/frmRegistro.java</file>
            <file>file:/C:/Users/User/Downloads/Proyecto_java-main/Proyecto_java-main/bibliotecaJavadef/bibliotecaJava/src/principal/frmLogin.java</file>
            <file>file:/C:/Users/User/Downloads/Proyecto_java-main/Proyecto_java-main/bibliotecaJavadef/bibliotecaJava/src/principal/dlgReestablecer.java</file>
            <file>file:/C:/Users/User/Downloads/Proyecto_java-main/Proyecto_java-main/bibliotecaJavadef/bibliotecaJava/src/principal/frmAdminpan.java</file>
            <file>file:/C:/Users/User/Downloads/Proyecto_java-main/Proyecto_java-main/bibliotecaJavadef/bibliotecaJava/src/principal/pnlColeccionUsuario.java</file>
            <file>file:/C:/Users/User/Downloads/Proyecto_java-main/Proyecto_java-main/bibliotecaJavadef/bibliotecaJava/src/principal/dlgNuevoLibro.java</file>
            <file>file:/C:/Users/User/Downloads/Proyecto_java-main/Proyecto_java-main/bibliotecaJavadef/bibliotecaJava/src/principal/dlgLibroAdmin.java</file>
            <file>file:/C:/Users/User/Downloads/Proyecto_java-main/Proyecto_java-main/bibliotecaJavadef/bibliotecaJava/src/principal/pnlGestorUsuarios.java</file>
            <file>file:/C:/Users/User/Downloads/Proyecto_java-main/Proyecto_java-main/bibliotecaJavadef/bibliotecaJava/src/principal/dlgLibroUsuario.java</file>
            <file>file:/C:/Users/User/Downloads/Proyecto_java-main/Proyecto_java-main/bibliotecaJavadef/bibliotecaJava/src/principal/PnlBookCard.java</file>
            <file>file:/C:/Users/User/Downloads/Proyecto_java-main/Proyecto_java-main/bibliotecaJavadef/bibliotecaJava/src/principal/PnlUsuarioItem.java</file>
            <file>file:/C:/Users/User/Downloads/Proyecto_java-main/Proyecto_java-main/bibliotecaJavadef/bibliotecaJava/src/principal/dlgRecuperar.java</file>
            <file>file:/C:/Users/User/Downloads/Proyecto_java-main/Proyecto_java-main/bibliotecaJavadef/bibliotecaJava/src/principal/pnlPrestamosUsuario.java</file>
            <file>file:/C:/Users/User/Downloads/Proyecto_java-main/Proyecto_java-main/bibliotecaJavadef/bibliotecaJava/src/principal/PnlPrestamoItem.java</file>
            <file>file:/C:/Users/User/Downloads/Proyecto_java-main/Proyecto_java-main/bibliotecaJavadef/bibliotecaJava/src/conexion/ConexionMysql.java</file>
            <file>file:/C:/Users/User/Downloads/Proyecto_java-main/Proyecto_java-main/bibliotecaJavadef/bibliotecaJava/src/conexion/ConexionSupabase.java</file>
            <file>file:/C:/Users/User/Downloads/Proyecto_java-main/Proyecto_java-main/bibliotecaJavadef/bibliotecaJava/src/conexion/PruebaConexionSupabase.java</file>
            <file>file:/C:/Users/User/Downloads/Proyecto_java-main/Proyecto_java-main/bibliotecaJavadef/bibliotecaJava/src/main/MainApp.java</file>
            <file>file:/C:/Users/User/Downloads/Proyecto_java-main/Proyecto_java-main/bibliotecaJavadef/bibliotecaJava/src/modelos/Libro.java</file>
        </group>
    </open-files>
</project-private>
